id,first_name,last_name,email
1,Bastian,Peplow,bpeplow0@nymag.com
2,Terri-jo,Pigott,tpigott1@flavors.me
3,Muhammad,Hully,mhully2@indiegogo.com
4,Susie,Gregoriou,sgregoriou3@hud.gov
5,Troy,Binion,tbinion4@scribd.com
6,Crista,Hubbins,chubbins5@seattletimes.com
7,Shalne,Ollet,sollet6@noaa.gov
8,Vanda,Klamp,vklamp7@tripod.com
9,Othello,Arger,oarger8@tinypic.com
10,Bartholemy,Bartunek,bbartunek9@booking.com
11,Pacorro,Civitillo,pcivitilloa@cbslocal.com
12,Lucas,Kiezler,lkiezlerb@weibo.com
13,Reube,Devorill,rdevorillc@yellowpages.com
14,Vincenz,Prestidge,vprestidged@hc360.com
15,Paquito,Binley,pbinleye@issuu.com
16,Logan,Dillingston,ldillingstonf@fotki.com
17,Dalton,Goodlife,dgoodlifeg@bing.com
18,Jenna,Purry,jpurryh@flickr.com
19,Calvin,Henighan,chenighani@state.tx.us
20,Caren,Mitchall,cmitchallj@dropbox.com
21,Vaclav,Adaway,vadawayk@omniture.com
22,Olive,Vallow,ovallowl@sciencedirect.com
23,Marilin,Cosgrive,mcosgrivem@comsenz.com
24,Carola,Osgerby,cosgerbyn@ask.com
25,Beryle,Frankel,bfrankelo@stanford.edu
26,Milo,Trudgian,mtrudgianp@jugem.jp
27,Marjy,Issatt,missattq@over-blog.com
28,Stephen,Wetherhead,swetherheadr@a8.net
29,Lucias,O'Harney,loharneys@va.gov
30,Nobie,Champerlen,nchamperlent@yandex.ru
31,Arlen,Gowrich,agowrichu@springer.com
32,Field,Moughton,fmoughtonv@yolasite.com
33,Hally,Hindge,hhindgew@cbc.ca
34,Ly,Jerzykiewicz,ljerzykiewiczx@bizjournals.com
35,Ethelred,Gingel,egingely@eepurl.com
36,Hermie,Morling,hmorlingz@vistaprint.com
37,Giana,Kitson,gkitson10@shinystat.com
38,Rupert,Braiden,rbraiden11@hugedomains.com
39,Hedvig,Royse,hroyse12@lycos.com
40,Tiff,Moxley,tmoxley13@reverbnation.com
41,Ketti,Toner,ktoner14@bing.com
42,Merrill,Ralphs,mralphs15@miibeian.gov.cn
43,Davidde,Reinbach,dreinbach16@cnbc.com
44,Ranice,Humblestone,rhumblestone17@sun.com
45,Eugine,Kubyszek,ekubyszek18@ibm.com
46,Iolande,Luesley,iluesley19@ameblo.jp
47,Kaitlyn,Bunner,kbunner1a@wikia.com
48,Samson,Blachford,sblachford1b@utexas.edu
49,Ainslie,Wilprecht,awilprecht1c@icq.com
50,Colin,Bysaker,cbysaker1d@plala.or.jp
51,Gussie,Smeeton,gsmeeton1e@symantec.com
52,Jakie,Widdall,jwiddall1f@gov.uk
53,Walden,McCurry,wmccurry1g@printfriendly.com
54,Axel,Joscelyne,ajoscelyne1h@tinypic.com
55,Celka,Ungerechts,cungerechts1i@boston.com
56,Welsh,Larrosa,wlarrosa1j@usgs.gov
57,Cindy,Starzaker,cstarzaker1k@ca.gov
58,Nerta,Sizey,nsizey1l@tripod.com
59,Agace,Canon,acanon1m@sun.com
60,Wallas,Racher,wracher1n@ucsd.edu
61,Muriel,Scocroft,mscocroft1o@weibo.com
62,Rolf,Maymond,rmaymond1p@cbslocal.com
63,Jerrine,Ollis,jollis1q@live.com
64,Sutherlan,Siege,ssiege1r@pinterest.com
65,Geoffrey,Girodier,ggirodier1s@yolasite.com
66,Hope,Cust,hcust1t@opera.com
67,Madel,Hubatsch,mhubatsch1u@xrea.com
68,Fan,Ascough,fascough1v@networksolutions.com
69,Mary,Orrum,morrum1w@ebay.co.uk
70,Averill,Robeiro,arobeiro1x@uol.com.br
71,Ferdinande,Mosco,fmosco1y@constantcontact.com
72,Rea,Camings,rcamings1z@devhub.com
73,Lenci,Greste,lgreste20@rediff.com
74,Catlaina,Tift,ctift21@ox.ac.uk
75,Rosa,Bakesef,rbakesef22@imgur.com
76,Gaylene,Rooson,grooson23@shareasale.com
77,Kerianne,Wiszniewski,kwiszniewski24@wordpress.com
78,Raymond,Carette,rcarette25@foxnews.com
79,Imojean,Bevens,ibevens26@springer.com
80,Madelaine,Biglin,mbiglin27@ask.com
81,Deirdre,McSaul,dmcsaul28@fastcompany.com
82,Isabella,Frie,ifrie29@ed.gov
83,Terza,Jukubczak,tjukubczak2a@cnn.com
84,Jocelyne,Wickendon,jwickendon2b@g.co
85,Osmond,Capewell,ocapewell2c@amazon.de
86,Bettye,Dorrian,bdorrian2d@fotki.com
87,Allx,Garvagh,agarvagh2e@seattletimes.com
88,Robert,Milmore,rmilmore2f@mlb.com
89,Krissie,Brideoke,kbrideoke2g@surveymonkey.com
90,Gardy,Marlor,gmarlor2h@sohu.com
91,Abba,Redgrove,aredgrove2i@dmoz.org
92,Clarisse,Orrell,correll2j@bigcartel.com
93,Carmela,Noseworthy,cnoseworthy2k@dropbox.com
94,Lindy,Cornil,lcornil2l@amazon.co.jp
95,Harrietta,McKendry,hmckendry2m@about.me
96,Torie,Tithecott,ttithecott2n@icio.us
97,Leonardo,Nesterov,lnesterov2o@amazonaws.com
98,Cecelia,Hrachovec,chrachovec2p@sbwire.com
99,Becky,Ifill,bifill2q@sakura.ne.jp
100,Dani,Rayson,drayson2r@deviantart.com
